ID,session,mature,age,sex,hemi,anterior_cingulate_gyrus_contra,orbital_frontal_cortex_contra,lateral_prefrontal_cortex_contra,motor_cortex_contra,somatosensory_cortex_contra,superior_parietal_lobule_contra,inferior_parietal_lobule_contra,posterior_medial_cortex_contra,medial_temporal_lobe_contra,temporal_pole_contra,inferior_temporal_cortex_contra,superior_temporal_region_contra,core_and_belt_areas_of_auditory_cortex_contra,floor_of_the_lateral_sulcus_contra,middle_temporal_area_contra,extrastriate_visual_areas_2_4_contra,primary_visual_cortex_contra
OLI,1,-22.3,37.6,M,R,334.9363,652.3119,781.3696,1044.791,720.5134,503.6981,623.1731,388.4909,128.0648,100.2671,867.6484,405.3483,282.012,176.4958,55.87786,1828.743,1273.502
OLI,2,-18.3,41.6,M,R,337.8564,608.9645,763.6965,1074.535,731.9503,512.8703,651.717,390.6357,125.2498,97.99788,844.9691,401.0032,285.5315,171.9985,55.50407,1798.653,1257.356
OLI,3,-14.8,45.1,M,R,323.5989,630.54,833.3857,1121.5,756.6198,504.533,663.1878,390.2755,161.0815,92.98523,850.2079,420.0982,306.5323,155.6119,56.7506,1820.675,1250.778
OLI,4,-12,47.9,M,R,331.1957,628.4562,782.3274,1061.896,711.4818,493.7327,615.1561,379.3036,142.1637,111.354,867.7173,408.2026,284.8259,170.6571,53.9951,1793.874,1259.103
OLI,5,-8.8,51.1,M,R,337.6539,625.6757,814.334,1077.238,738.7535,485.4695,616.5158,378.107,133.9474,105.9807,899.7637,415.8983,300.3839,171.3293,52.46395,1832.232,1264.832
OLI,6,-5.8,54.1,M,R,330.1534,617.7516,735.5304,1072.457,712.5139,486.0241,599.5117,390.664,130.2902,96.62547,825.5961,395.7666,272.447,172.854,49.5863,1789.414,1245.27
OLI,7,-2.5,57.4,M,R,338.6128,606.5724,786.4639,1092.858,752.6342,500.7489,639.7021,384.2687,126.4711,101.6791,860.5289,409.7708,289.5128,172.1145,54.19477,1884.376,1288.958
OLI,8,0.5,60.4,M,R,332.2845,571.9772,742.3749,1054.055,732.6637,505.1687,625.9255,373.7111,121.4669,98.1954,856.3511,408.6933,289.1517,167.9725,52.96705,1833.146,1287.492
OLI,9,4.6,64.5,M,R,341.2642,624.8323,780.0991,1117.434,748.6366,511.2987,641.7229,405.5729,137.7457,108.3372,872.8764,416.4476,284.6916,176.8284,54.57164,1844.8,1302.279
OLI,10,6.7,66.6,M,R,321.5793,558.3092,730.7814,1061.072,721.137,510.8892,624.0132,380.568,129.3288,92.42774,838.8502,400.1209,286.4931,167.2029,51.06593,1830.577,1281.002
OLI,11,10.1,70,M,R,332.8089,567.3617,714.2313,1068.65,737.619,503.5944,627.5748,378.8752,138.8295,96.23592,872.1274,403.5965,287.1809,163.8578,54.17202,1825.756,1283.177
PIC,1,-43.1,35.5,M,L,327.93,658.768,789.0732,1027.76,712.5507,513.5052,603.3866,361.3006,135.4011,116.4632,900.0803,395.6564,288.9501,164.0945,52.5027,1910.601,1302.155
PIC,2,-39.2,39.5,M,L,329.95,653.3264,800.2687,1056.228,729.6228,517.6095,620.9903,363.5659,132.2985,122.427,927.7772,412.6872,295.1774,164.7478,54.74664,1909.751,1323.17
PIC,3,-35.7,43,M,L,317.862,632.4481,828.9878,1092.667,756.1333,527.2884,645.2344,378.0306,137.6837,96.1388,862.6868,406.1242,303.7428,153.3852,55.36881,1923.729,1339.267
PIC,4,-32.8,45.8,M,L,327.7961,688.3243,850.9482,1082.935,761.5103,510.5616,626.046,367.6872,127.1832,126.8299,929.3163,413.9502,300.9618,160.5656,55.10416,1903.23,1304.44
PIC,5,-29.6,49.1,M,L,316.7552,641.7075,812.1785,1135.951,768.4293,512.8461,629.6505,360.4456,136.7559,119.9414,908.5859,414.277,295.0639,164.2509,55.30201,1893.153,1306.03
PIC,6,-26.5,52.1,M,L,321.231,645.6414,806.1586,1108.366,794.4432,539.2643,647.1949,379.3761,122.3985,111.4986,916.1039,419.8599,307.9515,169.1366,59.77002,1961.702,1375.744
PIC,7,-23.3,55.3,M,L,336.5276,677.5475,864.3364,1101.187,759.246,519.8956,619.7705,367.7171,137.823,119.9364,930.2021,416.1686,298.4257,169.1082,58.75247,1915.981,1335.828
PIC,8,-20.3,58.3,M,L,326.9169,663.6569,868.6719,1095.26,758.8004,522.1899,628.9109,367.5267,134.7107,124.3634,915.6063,419.2229,298.7434,167.1837,56.75724,1950.229,1340.685
PIC,9,-15.9,62.8,M,L,331.1049,688.938,873.4833,1102.675,780.8478,539.8041,646.2307,380.8411,129.563,115.7611,950.3304,433.7605,311.2048,158.7628,58.61556,1983.897,1377.338
PIC,10,-14.1,64.5,M,L,324.0288,694.7579,894.6579,1087.743,763.0391,523.9991,625.9287,362.7247,139.8316,122.4134,918.4136,418.1832,308.3461,163.6386,56.75087,1910.038,1347.781
PIC,11,-10.7,67.9,M,L,320.77,611.873,761.6955,1078.388,753.0077,528.0742,620.4708,368.6354,134.7115,111.6035,902.6794,412.5338,290.6822,164.9103,56.73302,1950.454,1363.902
QUA,1,-19.7,37.6,M,R,288.914,612.9539,684.9389,926.2842,615.233,443.9105,565.9062,324.4161,134.6012,112.693,878.9068,385.351,262.8615,165.499,47.95054,1744.866,1235.332
QUA,2,-15.7,41.6,M,R,284.9894,571.9972,699.7169,954.7429,640.5096,459.8448,573.2443,324.0904,139.3819,116.0883,870.5883,392.2441,277.1214,165.6154,51.51717,1756.023,1251.75
QUA,3,-12.2,45.1,M,R,279.3669,577.765,747.9336,1012.435,646.7997,474.4551,605.7026,336.2072,148.8855,81.29943,806.3478,399.1106,282.8249,168.3483,53.3303,1767.864,1237.486
QUA,4,-9.3,47.9,M,R,305.5864,638.855,751.0381,971.2474,660.1487,451.4704,586.4765,333.2083,125.0137,105.9736,887.5154,396.925,254.5951,164.923,47.2648,1754.876,1237.148
QUA,5,-6.1,51.2,M,R,305.0428,641.3161,740.1219,971.7388,646.3539,455.256,574.6646,327.4839,130.9817,103.1955,855.447,377.4448,260.0887,164.4259,51.44599,1737.48,1239.497
QUA,6,-3.2,54.1,M,R,286.0721,587.0771,749.4295,1013.957,648.0245,470.4195,591.0653,339.6032,124.7441,100.754,854.6267,391.7203,278.3951,167.7219,51.33249,1758.125,1266.508
QUA,7,0.1,57.4,M,R,290.3863,608.6379,755.6239,996.4838,649.8161,473.1018,605.5786,338.7797,123.4209,108.3624,876.4893,399.8001,285.3282,170.9341,52.61864,1831.505,1286.741
ROS,1,-29.4,37.6,M,L,342.5998,700.8263,911.1757,1151.549,800.9644,521.3577,673.285,382.3307,145.5779,133.0192,1003.691,474.2369,317.5409,186.4459,64.39896,2195.219,1457.119
ROS,2,-25.4,41.6,M,L,314.3047,703.3564,893.7576,1165.213,831.0896,561.3682,688.2771,381.1627,120.4242,90.1298,939.3864,459.5296,309.0411,193.4208,65.94209,2170.726,1449.941
ROS,3,-21.9,45.1,M,L,348.2115,741.9059,965.7646,1176.693,835.3958,536.6646,699.0881,370.9416,136.8545,123.4717,967.2582,470.7095,325.9009,168.1075,62.61005,2108.219,1398.93
ROS,4,-19.1,47.9,M,L,331.6233,702.9721,898.3784,1173.122,813.6342,507.9558,653.7349,355.3799,125.9248,116.3729,987.2023,461.1949,308.7847,191.5854,56.23291,2099.728,1408.56
ROS,5,-15.8,51.2,M,L,349.9304,711.2127,925.9164,1196.033,833.6448,543.5568,699.7532,395.1121,137.1958,116.8738,1004.798,470.5025,318.3185,189.3905,63.52595,2170.397,1447.436
ROS,6,-12.7,54.2,M,L,349.5033,713.8931,962.6338,1269.271,870.3191,561.2004,716.1576,394.8823,191.8799,120.9632,1009.822,487.2205,329.973,192.373,65.99706,2195.013,1479.235
ROS,7,-9.5,57.4,M,L,352.2886,685.3369,867.7725,1191.042,827.3619,535.3561,679.1035,395.3929,138.0846,128.3861,1018.299,474.6449,313.6324,200.7312,61.80264,2172.157,1463.066
ROS,8,-6.6,60.4,M,L,354.5484,709.1472,915.7479,1169.524,816.2137,540.3297,683.0615,378.8832,144.6746,128.9837,1019.175,474.4285,314.6819,200.6243,62.92818,2220.008,1467.992
ROS,9,-2.5,64.5,M,L,352.8833,665.062,961.9076,1227.22,831.2161,548.0905,680.2274,387.4823,144.3166,130.5968,1004.278,468.0316,313.9207,189.325,65.83502,2171.263,1437.917
ROS,10,-0.4,66.6,M,L,362.3519,707.7842,928.1169,1216.085,829.097,549.7998,705.5776,391.0814,140.7297,126.5601,1020.594,480.9987,322.0972,189.7793,66.73442,2205.154,1502.393
ROS,11,3,70,M,L,351.7553,644.9588,931.9056,1190.528,841.2184,550.1185,663.2864,377.5048,145.4413,124.6363,1010.535,463.2969,313.9557,195.3557,64.30119,2145.076,1433.012
SON,1,-22.3,33.2,M,R,321.7072,625.7885,809.1478,1017.343,681.6008,454.0859,538.7327,319.5657,126.7045,110.8181,872.9879,382.3749,255.1996,147.2276,51.06757,1705.866,1167.681
SON,2,-18.3,37.1,M,R,309.6006,602.8946,844.4984,1005.261,695.2897,481.1167,558.5148,309.7895,131.4404,94.04892,841.7967,374.9446,260.2326,152.6868,50.84147,1764.032,1190.623
SON,3,-14.8,40.7,M,R,321.8244,621.7728,860.2758,1019.137,697.8564,471.2273,560.7717,319.195,135.2639,89.4901,821.1164,377.3857,261.2572,141.9,50.46954,1759.342,1181.42
SON,4,-12,43.5,M,R,335.0012,616.1172,858.9866,1035.602,682.5525,470.8484,560.419,313.6656,132.0376,116.0122,878.4766,378.9933,260.444,154.3079,53.36477,1725.631,1212.584
SON,5,-8.8,46.7,M,R,329.9277,641.7419,882.8671,1048.467,706.2958,473.1245,571.0361,303.8568,135.5895,109.9829,897.1695,392.1946,273.4543,149.6296,53.48418,1765.521,1175.461
SON,6,-5.6,49.8,M,R,309.6592,596.8191,831.3397,1036.867,679.4659,472.43,545.0917,321.5315,124.0661,91.44546,823.182,369.6289,254.5248,148.4842,51.45427,1708.647,1201.846
SON,7,-2.5,53,M,R,298.4659,574.3387,808.5522,1004.963,686.8302,456.7013,568.8427,317.7663,123.3476,100.0065,869.9197,384.7319,268.0499,154.4603,50.97629,1742.386,1207.901
SON,8,0.5,56,M,R,315.9288,644.5994,828.3417,1025.29,689.6863,472.8872,554.6537,315.2726,134.4658,118.1482,881.9235,386.7249,267.9258,149.6464,52.56706,1777.803,1218.047
SON,9,3.5,59,M,R,315.6063,590.5097,817.4837,1018.937,691.4482,473.4396,551.8482,317.6727,150.0228,104.0762,860.2059,381.6199,259.9133,145.2693,52.53099,1737.086,1198.608
SON,10,6.7,62.2,M,R,316.6848,599.0446,816.5679,1036.798,684.2833,468.9517,560.7457,323.007,136.8028,113.0062,853.3519,366.1684,256.6879,146.8882,51.5559,1725.639,1210.465
SON,11,10.1,65.6,M,R,301.6263,580.7691,755.2158,953.6163,671.4895,447.3816,520.5363,313.1927,139.9371,100.3043,843.4994,362.0955,254.1051,143.662,52.0377,1693.751,1170.47
TRI,1,-19.7,30.8,F,L,374.348,691.7989,819.7504,1105.392,736.2472,555.6951,665.8412,374.3067,135.8988,128.0933,946.3209,464.8709,329.4461,209.2247,62.06578,1987.994,1423.071
TRI,2,-15.7,34.8,F,L,365.7545,625.9454,825.7552,1131.981,781.3231,580.2104,692.1082,384.3094,126.7168,94.79959,879.1232,456.9626,338.4396,212.196,61.83059,1988.355,1413.853
TRI,3,-12.2,38.3,F,L,358.2798,646.7907,821.6614,1153.634,791.7327,582.6166,691.7292,368.049,119.9986,100.8534,888.9465,457.9946,340.0243,209.2439,62.9883,1999.003,1437.281
TRI,4,-9.3,41.2,F,L,354.9966,658.8656,887.4954,1153.47,758.1448,535.319,652.868,368.0493,124.7342,109.5445,920.9672,454.0577,329.2858,211.0376,62.85658,1966.228,1436.308
TRI,5,-6.1,44.4,F,L,348.1172,672.9803,811.2119,1102.038,734.1796,510.2174,619.6755,356.4655,121.8199,126.5493,919.3997,448.7675,319.1337,204.0445,62.23104,1908.247,1412.062
TRI,6,-3.2,47.3,F,L,350.4095,622.9764,827.5461,1161.446,766.9207,548.5617,665.8664,384.6505,116.2839,122.072,928.6163,473.098,322.8509,220.9401,66.20959,1994.922,1447.597
TRI,7,0.2,50.7,F,L,357.6988,657.7172,802.3684,1143.46,769.2631,542.8214,671.9183,360.0827,121.001,126.1453,939.0305,467.5409,337.986,206.2845,63.41254,1977.533,1429.193
TRI,8,3.2,53.7,F,L,359.0367,642.391,824.4908,1175.531,785.3239,557.6417,676.1014,382.6029,123.5893,122.3907,922.8338,469.1723,340.8444,204.8334,65.12528,2021.604,1472.47
TRI,9,7.2,57.7,F,L,371.9258,682.562,803.0653,1145.21,756.8281,542.6746,661.7457,375.8192,135.9372,123.7019,939.916,468.6907,335.4109,214.1267,64.02286,1976.103,1455.083
TRI,10,9.3,59.8,F,L,364.6731,664.2267,808.329,1182.226,796.4631,567.1323,675.4282,377.1876,130.3551,119.2953,930.1608,457.8697,328.7671,211.5757,66.11562,2021.101,1485.36
TRI,11,12.7,63.2,F,L,339.1227,581.0059,745.5058,1076.503,753.3603,542.0438,646.4543,363.8617,129.8497,105.9502,919.6805,448.8044,321.7661,209.5048,62.69199,1956.076,1461.783
UNI,1,-13.1,32.1,F,R,304.3133,589.9261,780.903,996.224,670.4589,467.4162,592.1519,309.6714,126.7408,113.1333,878.5515,407.6581,268.2179,152.1416,61.41733,1851.44,1308.991
UNI,2,-9.2,36,F,R,285.7359,586.4505,782.2236,1014.284,681.6788,466.1767,596.5154,313.7679,114.6676,99.46359,847.5511,391.5555,274.433,143.775,60.6162,1852.121,1310.772
UNI,3,-5.6,39.6,F,R,297.1768,571.7003,774.2629,1034.54,675.5298,453.7271,594.3928,306.1176,104.4071,96.06197,848.9891,397.48,270.1223,146.9151,58.37429,1825.786,1328.392
UNI,4,-2.8,42.4,F,R,306.6232,605.0771,796.043,1021.589,691.5068,454.5754,594.883,308.6521,116.6873,117.6596,881.791,400.8149,267.6961,150.6004,59.11268,1862.564,1342.743
UNI,5,0.4,45.6,F,R,299.8647,603.7106,818.5663,1040.206,695.0341,458.5115,591.4366,302.3246,129.9803,114.1556,880.4026,399.4852,272.882,152.6138,57.47939,1770.801,1292.907
UNI,6,3.5,48.7,F,R,304.9896,576.7706,788.1523,1031.635,701.7834,455.2611,606.7841,304.781,126.1753,106.3455,887.7302,396.8468,282.723,146.3869,56.11616,1830.598,1339.97
UNI,7,6.7,51.9,F,R,292.8903,585.1802,758.3489,998.6913,676.2734,448.959,576.4269,301.6725,114.4787,115.0035,855.7655,385.8851,261.8972,151.6545,57.21521,1847.61,1334.126
UNI,8,9.7,54.9,F,R,300.6617,580.8937,785.2061,1023.873,695.8132,456.3355,600.9561,310.554,116.9862,113.3682,871.1808,398.6652,267.8949,143.8947,56.3355,1842.882,1346.3
UNI,9,13.7,58.9,F,R,306.1677,603.8848,814.4825,1059.579,709.4877,477.718,619.5436,312.333,131.711,123.2825,905.817,404.6331,281.6567,155.5065,60.80414,1873.129,1347.041
UNI,10,15.9,61.1,F,R,300.9871,576.3436,762.4056,1029.11,690.3453,453.5169,602.6011,304.8095,171.1492,118.9708,885.4806,397.9117,269.9196,144.036,57.07999,1858.777,1350.018
UNI,11,19.2,64.4,F,R,300.0853,566.0652,741.6102,1004.706,683.558,447.3273,576.3431,301.7984,125.6715,105.7286,837.6663,379.9571,265.2496,144.231,55.63175,1814.131,1328.439
VIK,1,-19.7,36.2,M,R,328.7301,700.2995,882.136,1047.893,731.7518,502.3042,655.3968,390.9995,128.4627,131.1546,977.4271,427.0685,304.314,174.7482,61.99706,1942.819,1377.797
VIK,2,-15.7,40.1,M,R,334.9616,692.9837,898.9369,1083.035,737.4394,490.3398,639.8324,371.3924,109.405,90.62251,870.4061,405.9112,298.0236,167.6921,62.047,1962.067,1373.381
VIK,3,-12.2,43.6,M,R,332.9054,660.9523,868.1224,1062.375,736.9841,512.1677,651.1738,390.7607,113.3616,94.59389,881.8613,405.4727,291.1587,173.1376,59.2045,1939.526,1367.28
VIK,4,-9.4,46.5,M,R,341.2166,694.4041,881.3864,1055.454,729.8506,498.591,620.6607,371.5995,126.172,124.0069,959.0525,423.253,293.2081,172.7229,57.1369,1924.3,1364.135
VIK,5,-6.1,49.7,M,R,338.7628,703.0042,885.5909,1063.416,718.4512,490.1293,634.0733,377.2139,133.7617,106.8661,905.2548,403.3441,291.1322,166.8462,57.81247,1894.712,1369.837
VIK,6,-3.1,52.7,M,R,342.2135,681.8149,896.4554,1085.475,742.8415,508.8946,646.8106,374.6233,159.5773,119.853,937.8159,415.4711,302.0691,165.0661,60.72627,1960.611,1377.135
VIK,7,0.1,56,M,R,342.3625,663.7494,872.1705,1079.216,744.9308,499.4907,654.9788,381.3005,132.1008,127.865,941.3066,425.5107,298.7892,168.562,65.37756,1986.596,1417.066
VIK,8,3.1,59,M,R,334.0975,668.8084,851.0621,1054.526,718.4196,489.4669,621.4135,373.9835,129.1077,124.9437,946.1596,422.1295,294.5903,168.6205,60.61633,1953.078,1388.977
VIK,9,7.2,63,M,R,332.521,680.7495,873.491,1090.364,742.8536,509.9945,649.7075,380.5637,128.7332,131.2383,960.3092,429.0008,307.7615,160.1311,62.17157,1991.894,1392.739
VIK,10,9.3,65.2,M,R,342.4966,717.6811,883.2803,1104.259,746.7776,513.3397,663.8668,394.0662,132.4277,137.8329,969.4389,430.5751,300.2404,167.9479,61.56243,1975.322,1405.112
VIK,11,12.7,68.5,M,R,329.928,609.2386,805.9758,1039.007,737.5335,488.0961,646.243,376.5596,140.6435,122.2661,938.3822,408.65,288.0102,159.1134,58.91261,1934.702,1392.722
